State,Year_Num,LFPR,WPR,UR,Next_LFPR_Change,Target_Improved,LFPR_YoY_Change,NonAgriculture_Pct,SecondaryPlus_Pct,VocationalTraining_Pct,PMMY_Growth,LFPR_Lag1,LFPR_Lag2
Andaman and Nicobar Islands,2017,34.36666666666667,16.333333333333332,51.18333333333334,1.1424242424242408,0,,89.2,9.987134502923976,4.7,21.232553388327524,,
Andaman and Nicobar Islands,2018,35.50909090909091,19.963636363636365,46.5,1.240909090909092,0,1.1424242424242408,94.87,9.984795321637428,6.2,24.39139904218508,34.36666666666667,
Andaman and Nicobar Islands,2019,36.75,23.183333333333334,35.75833333333333,8.233333333333327,1,1.240909090909092,88.52,10.296783625730994,8.4,3.9707288676836594,35.50909090909091,34.36666666666667
Andaman and Nicobar Islands,2020,44.98333333333333,32.775,26.733333333333334,-3.2833333333333314,0,8.233333333333327,13.299999999999997,10.336257309941521,9.7,-18.494783558423112,36.75,35.50909090909091
Andaman and Nicobar Islands,2021,41.699999999999996,33.25833333333333,21.241666666666667,7.00833333333334,1,-3.2833333333333314,61.13999999999999,10.447953216374268,10.5,6.0322799352542145,44.98333333333333,36.75
Andaman and Nicobar Islands,2022,48.708333333333336,35.85,26.233333333333334,-1.6583333333333314,0,7.00833333333334,76.33,10.973214285714286,14.7,15.828587678462336,41.699999999999996,44.98333333333333
Andhra Pradesh,2017,37.800000000000004,35.108333333333334,8.116666666666665,1.0,0,,50.96,9.987134502923976,4.7,21.232553388327524,,
Andhra Pradesh,2018,38.800000000000004,35.23636363636364,11.618181818181817,-3.9916666666666742,0,1.0,52.74,9.984795321637428,6.2,24.39139904218508,37.800000000000004,
Andhra Pradesh,2019,34.80833333333333,32.25,8.316666666666666,3.875,0,-3.9916666666666742,50.97,10.296783625730994,8.4,3.9707288676836594,38.800000000000004,37.800000000000004
Andhra Pradesh,2020,38.68333333333333,36.68333333333333,6.408333333333334,-1.7749999999999986,0,3.875,0.0,10.336257309941521,9.7,-18.494783558423112,34.80833333333333,38.800000000000004
Andhra Pradesh,2021,36.90833333333333,34.516666666666666,7.633333333333333,2.7250000000000014,0,-1.7749999999999986,55.43333333333333,10.447953216374268,10.5,6.0322799352542145,38.68333333333333,34.80833333333333
Andhra Pradesh,2022,39.63333333333333,36.641666666666666,8.674999999999999,-1.5,0,2.7250000000000014,53.526666666666664,10.973214285714286,14.7,15.828587678462336,36.90833333333333,38.68333333333333
Arunachal Pradesh,2017,13.241666666666667,10.616666666666667,19.958333333333332,3.212878787878786,0,,51.49666666666667,9.987134502923976,4.7,21.232553388327524,,
Arunachal Pradesh,2018,16.454545454545453,12.281818181818181,28.581818181818186,2.653787878787881,0,3.212878787878786,53.10333333333333,9.984795321637428,6.2,24.39139904218508,13.241666666666667,
Arunachal Pradesh,2019,19.108333333333334,16.358333333333334,15.166666666666666,3.8249999999999993,0,2.653787878787881,54.46,10.296783625730994,8.4,3.9707288676836594,16.454545454545453,13.241666666666667
Arunachal Pradesh,2020,22.933333333333334,19.474999999999998,16.375,1.9250000000000007,0,3.8249999999999993,0.0,10.336257309941521,9.7,-18.494783558423112,19.108333333333334,16.454545454545453
Arunachal Pradesh,2021,24.858333333333334,20.575,19.783333333333335,19.624999999999993,1,1.9250000000000007,48.31999999999999,10.447953216374268,10.5,6.0322799352542145,22.933333333333334,19.108333333333334
Arunachal Pradesh,2022,44.48333333333333,40.31666666666667,12.016666666666666,8.808333333333337,1,19.624999999999993,38.94,10.973214285714286,14.7,15.828587678462336,24.858333333333334,22.933333333333334
Assam,2017,12.825000000000001,10.458333333333334,18.691666666666666,0.17499999999999893,0,,64.55333333333334,9.987134502923976,4.7,21.232553388327524,,
Assam,2018,13.0,11.054545454545455,16.400000000000002,3.333333333333332,0,0.17499999999999893,66.02333333333333,9.984795321637428,6.2,24.39139904218508,12.825000000000001,
Assam,2019,16.333333333333332,13.033333333333333,19.816666666666666,5.583333333333336,1,3.333333333333332,65.54,10.296783625730994,8.4,3.9707288676836594,13.0,12.825000000000001
Assam,2020,21.916666666666668,18.841666666666665,14.375,2.849999999999998,0,5.583333333333336,0.0,10.336257309941521,9.7,-18.494783558423112,16.333333333333332,13.0
Assam,2021,24.766666666666666,21.65833333333333,13.274999999999999,-4.466666666666665,0,2.849999999999998,51.669999999999995,10.447953216374268,10.5,6.0322799352542145,21.916666666666668,16.333333333333332
Assam,2022,20.3,18.116666666666667,9.433333333333332,19.291666666666668,1,-4.466666666666665,49.10666666666666,10.973214285714286,14.7,15.828587678462336,24.766666666666666,21.916666666666668
Bihar,2017,3.8083333333333336,3.5416666666666665,8.275,0.5098484848484848,0,,59.63666666666668,9.987134502923976,4.7,21.232553388327524,,
Bihar,2018,4.318181818181818,3.8909090909090907,11.563636363636364,3.0901515151515158,0,0.5098484848484848,49.27333333333333,9.984795321637428,6.2,24.39139904218508,3.8083333333333336,
Bihar,2019,7.408333333333334,6.925,7.433333333333334,0.2916666666666661,0,3.0901515151515158,44.623333333333335,10.296783625730994,8.4,3.9707288676836594,4.318181818181818,3.8083333333333336
Bihar,2020,7.7,6.991666666666667,11.825000000000001,0.7583333333333337,0,0.2916666666666661,0.0,10.336257309941521,9.7,-18.494783558423112,7.408333333333334,4.318181818181818
Bihar,2021,8.458333333333334,7.716666666666666,9.408333333333333,7.433333333333332,1,0.7583333333333337,37.67333333333333,10.447953216374268,10.5,6.0322799352542145,7.7,7.408333333333334
Bihar,2022,15.891666666666666,15.141666666666666,6.8,5.516666666666666,1,7.433333333333332,40.309999999999995,10.973214285714286,14.7,15.828587678462336,8.458333333333334,7.7
Chandigarh,2017,20.608333333333334,16.908333333333335,15.299999999999999,4.3553030303030305,0,,93.41333333333334,9.987134502923976,4.7,21.232553388327524,,
Chandigarh,2018,24.963636363636365,22.036363636363635,12.763636363636364,-2.0553030303030333,0,4.3553030303030305,100.0,9.984795321637428,6.2,24.39139904218508,20.608333333333334,
Chandigarh,2019,22.90833333333333,18.575,16.283333333333335,-2.9833333333333307,0,-2.0553030303030333,94.65333333333335,10.296783625730994,8.4,3.9707288676836594,24.963636363636365,20.608333333333334
Chandigarh,2020,19.925,18.8,6.991666666666667,-3.75,0,-2.9833333333333307,90.56,10.336257309941521,9.7,-18.494783558423112,22.90833333333333,24.963636363636365
Chandigarh,2021,16.175,14.950000000000001,7.8999999999999995,7.141666666666666,1,-3.75,97.03000000000002,10.447953216374268,10.5,6.0322799352542145,19.925,22.90833333333333
Chandigarh,2022,23.316666666666666,21.75,5.891666666666667,8.308333333333334,1,7.141666666666666,100.0,10.973214285714286,14.7,15.828587678462336,16.175,19.925
Chhattisgarh,2017,39.15833333333333,36.65,8.183333333333334,2.641666666666673,0,,38.03,9.987134502923976,4.7,21.232553388327524,,
Chhattisgarh,2018,41.800000000000004,40.22727272727273,5.427272727272728,-0.56666666666667,0,2.641666666666673,39.51333333333333,9.984795321637428,6.2,24.39139904218508,39.15833333333333,
Chhattisgarh,2019,41.233333333333334,39.391666666666666,6.216666666666666,0.55833333333333,0,-0.56666666666667,39.34333333333333,10.296783625730994,8.4,3.9707288676836594,41.800000000000004,39.15833333333333
Chhattisgarh,2020,41.791666666666664,40.475,4.75,-0.05833333333333002,0,0.55833333333333,0.0,10.336257309941521,9.7,-18.494783558423112,41.233333333333334,41.800000000000004
Chhattisgarh,2021,41.733333333333334,39.9,5.5,6.449999999999996,1,-0.05833333333333002,37.31666666666666,10.447953216374268,10.5,6.0322799352542145,41.791666666666664,41.233333333333334
Chhattisgarh,2022,48.18333333333333,45.916666666666664,6.383333333333333,1.2083333333333428,0,6.449999999999996,42.78666666666667,10.973214285714286,14.7,15.828587678462336,41.733333333333334,41.791666666666664
Delhi,2017,9.716666666666667,8.458333333333334,9.475,9.11969696969697,1,,100.0,9.987134502923976,4.7,21.232553388327524,,
Delhi,2018,18.836363636363636,17.154545454545453,10.363636363636363,-4.261363636363635,0,9.11969696969697,99.59333333333332,9.984795321637428,6.2,24.39139904218508,9.716666666666667,
Delhi,2019,14.575000000000001,13.191666666666668,9.674999999999999,-2.8916666666666693,0,-4.261363636363635,92.23,10.296783625730994,8.4,3.9707288676836594,18.836363636363636,9.716666666666667
Delhi,2020,11.683333333333332,10.833333333333334,6.566666666666666,-0.29999999999999893,0,-2.8916666666666693,96.34,10.336257309941521,9.7,-18.494783558423112,14.575000000000001,18.836363636363636
Delhi,2021,11.383333333333333,10.758333333333333,4.916666666666667,-0.2749999999999986,0,-0.29999999999999893,99.93666666666667,10.447953216374268,10.5,6.0322799352542145,11.683333333333332,14.575000000000001
Delhi,2022,11.108333333333334,10.808333333333332,2.158333333333333,6.091666666666665,1,-0.2749999999999986,100.0,10.973214285714286,14.7,15.828587678462336,11.383333333333333,11.683333333333332
Goa,2017,33.824999999999996,23.349999999999998,29.958333333333332,1.6386363636363654,0,,82.83333333333333,9.987134502923976,4.7,21.232553388327524,,
Goa,2018,35.46363636363636,27.818181818181817,22.66363636363636,-7.338636363636361,0,1.6386363636363654,87.17666666666666,9.984795321637428,6.2,24.39139904218508,33.824999999999996,
Goa,2019,28.125,23.0,18.091666666666665,0.11666666666666359,0,-7.338636363636361,68.46,10.296783625730994,8.4,3.9707288676836594,35.46363636363636,33.824999999999996
Goa,2020,28.241666666666664,22.275000000000002,20.533333333333335,-6.0,0,0.11666666666666359,42.25,10.336257309941521,9.7,-18.494783558423112,28.125,35.46363636363636
Goa,2021,22.241666666666664,16.083333333333332,26.53333333333333,8.350000000000005,1,-6.0,82.95333333333333,10.447953216374268,10.5,6.0322799352542145,28.241666666666664,28.125
Goa,2022,30.59166666666667,23.383333333333336,22.525000000000002,-1.9500000000000028,0,8.350000000000005,78.63333333333333,10.973214285714286,14.7,15.828587678462336,22.241666666666664,28.241666666666664
Gujarat,2017,18.35833333333333,17.241666666666667,6.125,3.4234848484848506,0,,51.52333333333333,9.987134502923976,4.7,21.232553388327524,,
Gujarat,2018,21.78181818181818,21.10909090909091,3.590909090909091,6.001515151515154,1,3.4234848484848506,49.07333333333333,9.984795321637428,6.2,24.39139904218508,18.35833333333333,
Gujarat,2019,27.783333333333335,27.258333333333336,2.3249999999999997,1.4916666666666671,0,6.001515151515154,46.129999999999995,10.296783625730994,8.4,3.9707288676836594,21.78181818181818,18.35833333333333
Gujarat,2020,29.275000000000002,28.46666666666667,3.6666666666666665,1.5999999999999979,0,1.4916666666666671,0.0,10.336257309941521,9.7,-18.494783558423112,27.783333333333335,21.78181818181818
Gujarat,2021,30.875,30.3,2.225,6.616666666666667,1,1.5999999999999979,49.32666666666666,10.447953216374268,10.5,6.0322799352542145,29.275000000000002,27.783333333333335
Gujarat,2022,37.49166666666667,36.65,2.7999999999999994,4.433333333333337,0,6.616666666666667,49.949999999999996,10.973214285714286,14.7,15.828587678462336,30.875,29.275000000000002
Haryana,2017,13.258333333333333,11.141666666666666,16.458333333333332,2.414393939393941,0,,59.330000000000005,9.987134502923976,4.7,21.232553388327524,,
Haryana,2018,15.672727272727274,14.0,12.254545454545456,-0.8143939393939394,0,2.414393939393941,65.18333333333334,9.984795321637428,6.2,24.39139904218508,13.258333333333333,
Haryana,2019,14.858333333333334,13.375,10.575000000000001,1.8583333333333307,0,-0.8143939393939394,62.47666666666667,10.296783625730994,8.4,3.9707288676836594,15.672727272727274,13.258333333333333
Haryana,2020,16.716666666666665,15.225,10.058333333333334,0.5833333333333357,0,1.8583333333333307,0.0,10.336257309941521,9.7,-18.494783558423112,14.858333333333334,15.672727272727274
Haryana,2021,17.3,14.933333333333332,14.85,1.0,0,0.5833333333333357,60.946666666666665,10.447953216374268,10.5,6.0322799352542145,16.716666666666665,14.858333333333334
Haryana,2022,18.3,16.724999999999998,9.458333333333334,2.8583333333333343,0,1.0,59.12666666666667,10.973214285714286,14.7,15.828587678462336,17.3,16.716666666666665
Himachal Pradesh,2017,37.708333333333336,34.36666666666667,11.708333333333334,13.155303030303031,1,,34.17666666666667,9.987134502923976,4.7,21.232553388327524,,
Himachal Pradesh,2018,50.86363636363637,45.93636363636364,12.681818181818182,2.094696969696969,0,13.155303030303031,36.29666666666667,9.984795321637428,6.2,24.39139904218508,37.708333333333336,
Himachal Pradesh,2019,52.958333333333336,49.666666666666664,7.541666666666667,-3.1499999999999986,0,2.094696969696969,39.8,10.296783625730994,8.4,3.9707288676836594,50.86363636363637,37.708333333333336
Himachal Pradesh,2020,49.80833333333334,47.14166666666667,6.616666666666667,2.7166666666666615,0,-3.1499999999999986,0.0,10.336257309941521,9.7,-18.494783558423112,52.958333333333336,50.86363636363637
Himachal Pradesh,2021,52.525,48.166666666666664,10.658333333333333,5.766666666666666,1,2.7166666666666615,37.99666666666666,10.447953216374268,10.5,6.0322799352542145,49.80833333333334,52.958333333333336
Himachal Pradesh,2022,58.291666666666664,50.75833333333333,16.3,-0.7916666666666643,0,5.766666666666666,41.593333333333334,10.973214285714286,14.7,15.828587678462336,52.525,49.80833333333334
Jammu and Kashmir,2017,26.400000000000002,22.541666666666668,15.525,5.336363636363636,1,,38.416666666666664,9.987134502923976,4.7,21.232553388327524,,
Jammu and Kashmir,2018,31.736363636363638,26.736363636363638,19.490909090909092,1.0219696969696948,0,5.336363636363636,40.42,9.984795321637428,6.2,24.39139904218508,26.400000000000002,
Jammu and Kashmir,2019,32.75833333333333,26.308333333333334,20.95,2.3416666666666686,0,1.0219696969696948,46.37,10.296783625730994,8.4,3.9707288676836594,31.736363636363638,26.400000000000002
Jammu and Kashmir,2020,35.1,29.933333333333334,17.349999999999998,2.866666666666667,0,2.3416666666666686,0.0,10.336257309941521,9.7,-18.494783558423112,32.75833333333333,31.736363636363638
Jammu and Kashmir,2021,37.96666666666667,32.225,16.608333333333334,2.366666666666667,0,2.866666666666667,34.269999999999996,10.447953216374268,10.5,6.0322799352542145,35.1,32.75833333333333
Jammu and Kashmir,2022,40.333333333333336,35.13333333333333,15.858333333333334,2.5916666666666686,0,2.366666666666667,34.88666666666666,10.973214285714286,14.7,15.828587678462336,37.96666666666667,35.1
Jharkhand,2017,13.450000000000001,12.158333333333333,10.091666666666667,4.622727272727273,0,,51.42666666666667,9.987134502923976,4.7,21.232553388327524,,
Jharkhand,2018,18.072727272727274,17.363636363636363,6.109090909090909,9.41060606060606,1,4.622727272727273,48.78000000000001,9.984795321637428,6.2,24.39139904218508,13.450000000000001,
Jharkhand,2019,27.483333333333334,26.541666666666668,5.408333333333334,5.991666666666667,1,9.41060606060606,41.95666666666666,10.296783625730994,8.4,3.9707288676836594,18.072727272727274,13.450000000000001
Jharkhand,2020,33.475,32.766666666666666,3.7416666666666667,1.93333333333333,0,5.991666666666667,0.0,10.336257309941521,9.7,-18.494783558423112,27.483333333333334,18.072727272727274
Jharkhand,2021,35.40833333333333,34.6,3.733333333333333,-1.4083333333333314,0,1.93333333333333,38.00666666666667,10.447953216374268,10.5,6.0322799352542145,33.475,27.483333333333334
Jharkhand,2022,34.0,33.358333333333334,3.9,3.7666666666666657,0,-1.4083333333333314,37.82,10.973214285714286,14.7,15.828587678462336,35.40833333333333,33.475
Karnataka,2017,23.208333333333332,21.45,8.341666666666667,1.1916666666666664,0,,52.52333333333333,9.987134502923976,4.7,21.232553388327524,,
Karnataka,2018,24.4,23.254545454545454,5.854545454545455,6.641666666666669,1,1.1916666666666664,55.81333333333333,9.984795321637428,6.2,24.39139904218508,23.208333333333332,
Karnataka,2019,31.041666666666668,27.650000000000002,12.058333333333332,0.07499999999999574,0,6.641666666666669,50.593333333333334,10.296783625730994,8.4,3.9707288676836594,24.4,23.208333333333332
Karnataka,2020,31.116666666666664,29.583333333333332,5.708333333333333,-3.974999999999998,0,0.07499999999999574,0.0,10.336257309941521,9.7,-18.494783558423112,31.041666666666668,24.4
Karnataka,2021,27.141666666666666,25.900000000000002,5.408333333333334,6.399999999999999,1,-3.974999999999998,51.303333333333335,10.447953216374268,10.5,6.0322799352542145,31.116666666666664,31.041666666666668
Karnataka,2022,33.541666666666664,32.09166666666667,4.883333333333334,-0.68333333333333,0,6.399999999999999,51.29333333333333,10.973214285714286,14.7,15.828587678462336,27.141666666666666,31.116666666666664
Kerala,2017,25.983333333333334,17.333333333333332,33.824999999999996,6.125757575757575,1,,81.74333333333334,9.987134502923976,4.7,21.232553388327524,,
Kerala,2018,32.10909090909091,23.645454545454548,29.90909090909091,-1.950757575757578,0,6.125757575757575,81.58,9.984795321637428,6.2,24.39139904218508,25.983333333333334,
Kerala,2019,30.15833333333333,22.941666666666666,25.3,0.908333333333335,0,-1.950757575757578,77.2,10.296783625730994,8.4,3.9707288676836594,32.10909090909091,25.983333333333334
Kerala,2020,31.066666666666666,23.925,24.724999999999998,3.0000000000000036,0,0.908333333333335,13.700000000000003,10.336257309941521,9.7,-18.494783558423112,30.15833333333333,32.10909090909091
Kerala,2021,34.06666666666667,27.058333333333334,22.200000000000003,0.5916666666666615,0,3.0000000000000036,71.29,10.447953216374268,10.5,6.0322799352542145,31.066666666666666,30.15833333333333
Kerala,2022,34.65833333333333,28.433333333333334,19.599999999999998,2.8999999999999986,0,0.5916666666666615,62.70000000000001,10.973214285714286,14.7,15.828587678462336,34.06666666666667,31.066666666666666
Ladakh,2017,26.400000000000002,22.541666666666668,15.525,5.336363636363636,1,,38.416666666666664,9.987134502923976,4.7,21.232553388327524,,
Ladakh,2018,31.736363636363638,26.736363636363638,19.490909090909092,10.771969696969695,1,5.336363636363636,40.42,9.984795321637428,6.2,24.39139904218508,26.400000000000002,
Ladakh,2019,42.50833333333333,42.50833333333333,0.0,8.166666666666671,1,10.771969696969695,40.67666666666667,10.296783625730994,8.4,3.9707288676836594,31.736363636363638,26.400000000000002
Ladakh,2020,50.675000000000004,43.925000000000004,20.291666666666668,-13.825000000000003,0,8.166666666666671,0.0,10.336257309941521,9.7,-18.494783558423112,42.50833333333333,31.736363636363638
Ladakh,2021,36.85,34.449999999999996,8.95,8.891666666666666,1,-13.825000000000003,47.20333333333334,10.447953216374268,10.5,6.0322799352542145,50.675000000000004,42.50833333333333
Ladakh,2022,45.74166666666667,39.208333333333336,18.158333333333335,-4.408333333333331,0,8.891666666666666,32.803333333333335,10.973214285714286,14.7,15.828587678462336,36.85,50.675000000000004
Lakshadweep,2017,21.8,10.6,48.00833333333333,-0.48181818181818414,0,,91.55333333333333,9.987134502923976,4.7,21.232553388327524,,
Lakshadweep,2018,21.318181818181817,9.236363636363636,58.45454545454545,11.740151515151513,1,-0.48181818181818414,93.92333333333333,9.984795321637428,6.2,24.39139904218508,21.8,
Lakshadweep,2019,33.05833333333333,19.266666666666666,37.43333333333334,-13.50833333333333,0,11.740151515151513,96.29666666666667,10.296783625730994,8.4,3.9707288676836594,21.318181818181817,21.8
Lakshadweep,2020,19.55,11.549999999999999,38.975,-2.5,0,-13.50833333333333,36.05,10.336257309941521,9.7,-18.494783558423112,33.05833333333333,21.318181818181817
Lakshadweep,2021,17.05,9.633333333333333,41.958333333333336,-1.208333333333334,0,-2.5,81.80666666666667,10.447953216374268,10.5,6.0322799352542145,19.55,33.05833333333333
Lakshadweep,2022,15.841666666666667,12.266666666666666,23.141666666666666,4.133333333333331,0,-1.208333333333334,97.43333333333334,10.973214285714286,14.7,15.828587678462336,17.05,19.55
Madhya Pradesh,2017,25.425,24.3,5.6000000000000005,-1.625,0,,44.14333333333334,9.987134502923976,4.7,21.232553388327524,,
Madhya Pradesh,2018,23.8,23.027272727272727,5.127272727272728,6.241666666666667,1,-1.625,46.03,9.984795321637428,6.2,24.39139904218508,25.425,
Madhya Pradesh,2019,30.041666666666668,29.108333333333334,4.475,2.391666666666662,0,6.241666666666667,45.330000000000005,10.296783625730994,8.4,3.9707288676836594,23.8,25.425
Madhya Pradesh,2020,32.43333333333333,31.791666666666668,2.9250000000000003,-0.9083333333333279,0,2.391666666666662,0.0,10.336257309941521,9.7,-18.494783558423112,30.041666666666668,23.8
Madhya Pradesh,2021,31.525000000000002,30.866666666666664,3.266666666666667,2.833333333333332,0,-0.9083333333333279,41.16,10.447953216374268,10.5,6.0322799352542145,32.43333333333333,30.041666666666668
Madhya Pradesh,2022,34.358333333333334,33.50833333333333,3.8666666666666667,7.69166666666667,1,2.833333333333332,38.943333333333335,10.973214285714286,14.7,15.828587678462336,31.525000000000002,32.43333333333333
Maharashtra,2017,27.075000000000003,24.858333333333334,9.491666666666667,3.2159090909090864,0,,46.05333333333334,9.987134502923976,4.7,21.232553388327524,,
Maharashtra,2018,30.29090909090909,27.8,10.536363636363635,2.8340909090909108,0,3.2159090909090864,49.67666666666668,9.984795321637428,6.2,24.39139904218508,27.075000000000003,
Maharashtra,2019,33.125,31.75,4.95,-1.9583333333333321,0,2.8340909090909108,47.336666666666666,10.296783625730994,8.4,3.9707288676836594,30.29090909090909,27.075000000000003
Maharashtra,2020,31.166666666666668,29.708333333333332,5.6000000000000005,1.8000000000000007,0,-1.9583333333333321,0.0,10.336257309941521,9.7,-18.494783558423112,33.125,30.29090909090909
Maharashtra,2021,32.96666666666667,31.375,5.783333333333334,2.2250000000000014,0,1.8000000000000007,49.90333333333333,10.447953216374268,10.5,6.0322799352542145,31.166666666666668,33.125
Maharashtra,2022,35.19166666666667,33.791666666666664,4.85,-0.025000000000005684,0,2.2250000000000014,48.92333333333334,10.973214285714286,14.7,15.828587678462336,32.96666666666667,31.166666666666668
Manipur,2017,21.96666666666667,17.441666666666666,21.125,3.760606060606058,0,,82.71333333333332,9.987134502923976,4.7,21.232553388327524,,
Manipur,2018,25.727272727272727,21.145454545454545,20.981818181818184,1.6560606060606027,0,3.760606060606058,80.42333333333333,9.984795321637428,6.2,24.39139904218508,21.96666666666667,
Manipur,2019,27.38333333333333,23.075,17.058333333333334,-8.141666666666662,0,1.6560606060606027,80.04,10.296783625730994,8.4,3.9707288676836594,25.727272727272727,21.96666666666667
Manipur,2020,19.241666666666667,17.308333333333334,10.799999999999999,1.8000000000000007,0,-8.141666666666662,57.589999999999996,10.336257309941521,9.7,-18.494783558423112,27.38333333333333,25.727272727272727
Manipur,2021,21.041666666666668,17.191666666666666,19.558333333333334,6.566666666666666,1,1.8000000000000007,77.21333333333332,10.447953216374268,10.5,6.0322799352542145,19.241666666666667,27.38333333333333
Manipur,2022,27.608333333333334,25.525000000000002,8.766666666666667,12.758333333333333,1,6.566666666666666,69.58333333333333,10.973214285714286,14.7,15.828587678462336,21.041666666666668,19.241666666666667
Meghalaya,2017,39.24166666666667,37.44166666666667,5.916666666666667,2.394696969696966,0,,50.25333333333333,9.987134502923976,4.7,21.232553388327524,,
Meghalaya,2018,41.63636363636363,38.68181818181818,10.127272727272727,-8.336363636363629,0,2.394696969696966,56.65,9.984795321637428,6.2,24.39139904218508,39.24166666666667,
Meghalaya,2019,33.300000000000004,30.3,12.049999999999999,5.658333333333331,1,-8.336363636363629,55.32,10.296783625730994,8.4,3.9707288676836594,41.63636363636363,39.24166666666667
Meghalaya,2020,38.958333333333336,37.00833333333333,6.375,0.5,0,5.658333333333331,0.8499999999999989,10.336257309941521,9.7,-18.494783558423112,33.300000000000004,41.63636363636363
Meghalaya,2021,39.458333333333336,36.40833333333333,8.875,8.608333333333327,1,0.5,64.80333333333333,10.447953216374268,10.5,6.0322799352542145,38.958333333333336,33.300000000000004
Meghalaya,2022,48.06666666666666,41.391666666666666,15.433333333333335,9.258333333333333,1,8.608333333333327,60.300000000000004,10.973214285714286,14.7,15.828587678462336,39.458333333333336,38.958333333333336
Mizoram,2017,27.78333333333333,22.650000000000002,18.71666666666667,1.153030303030306,0,,60.26,9.987134502923976,4.7,21.232553388327524,,
Mizoram,2018,28.936363636363637,24.69090909090909,16.854545454545455,4.988636363636367,0,1.153030303030306,61.31333333333333,9.984795321637428,6.2,24.39139904218508,27.78333333333333,
Mizoram,2019,33.925000000000004,31.150000000000002,8.683333333333334,1.8166666666666629,0,4.988636363636367,52.083333333333336,10.296783625730994,8.4,3.9707288676836594,28.936363636363637,27.78333333333333
Mizoram,2020,35.74166666666667,33.725,6.433333333333334,-5.291666666666664,0,1.8166666666666629,0.0,10.336257309941521,9.7,-18.494783558423112,33.925000000000004,28.936363636363637
Mizoram,2021,30.450000000000003,26.549999999999997,13.908333333333333,7.624999999999993,1,-5.291666666666664,52.13666666666666,10.447953216374268,10.5,6.0322799352542145,35.74166666666667,33.925000000000004
Mizoram,2022,38.074999999999996,36.074999999999996,6.516666666666666,-2.74166666666666,0,7.624999999999993,49.330000000000005,10.973214285714286,14.7,15.828587678462336,30.450000000000003,35.74166666666667
Nagaland,2017,17.341666666666665,9.625,42.958333333333336,5.485606060606063,1,,70.81,9.987134502923976,4.7,21.232553388327524,,
Nagaland,2018,22.827272727272728,13.918181818181818,42.17272727272727,14.006060606060608,1,5.485606060606063,58.913333333333334,9.984795321637428,6.2,24.39139904218508,17.341666666666665,
Nagaland,2019,36.833333333333336,22.900000000000002,39.15,3.6416666666666657,0,14.006060606060608,46.96333333333333,10.296783625730994,8.4,3.9707288676836594,22.827272727272728,17.341666666666665
Nagaland,2020,40.475,28.308333333333334,32.108333333333334,1.9583333333333286,0,3.6416666666666657,0.0,10.336257309941521,9.7,-18.494783558423112,36.833333333333336,22.827272727272728
Nagaland,2021,42.43333333333333,35.31666666666667,18.433333333333334,9.100000000000001,1,1.9583333333333286,45.23333333333334,10.447953216374268,10.5,6.0322799352542145,40.475,36.833333333333336
Nagaland,2022,51.53333333333333,47.791666666666664,8.441666666666666,0.21666666666666856,0,9.100000000000001,46.18666666666667,10.973214285714286,14.7,15.828587678462336,42.43333333333333,40.475
Odisha,2017,17.525000000000002,15.491666666666667,12.125,6.4477272727272705,1,,58.876666666666665,9.987134502923976,4.7,21.232553388327524,,
Odisha,2018,23.972727272727273,20.445454545454545,16.918181818181818,5.068939393939395,1,6.4477272727272705,57.673333333333325,9.984795321637428,6.2,24.39139904218508,17.525000000000002,
Odisha,2019,29.041666666666668,26.849999999999998,8.258333333333333,-0.7250000000000014,0,5.068939393939395,54.04999999999999,10.296783625730994,8.4,3.9707288676836594,23.972727272727273,17.525000000000002
Odisha,2020,28.316666666666666,26.45,7.2749999999999995,-0.6083333333333343,0,-0.7250000000000014,0.0,10.336257309941521,9.7,-18.494783558423112,29.041666666666668,23.972727272727273
Odisha,2021,27.708333333333332,24.8,12.158333333333333,9.033333333333335,1,-0.6083333333333343,50.88999999999999,10.447953216374268,10.5,6.0322799352542145,28.316666666666666,29.041666666666668
Odisha,2022,36.74166666666667,34.85,6.199999999999999,3.6000000000000014,0,9.033333333333335,50.28333333333334,10.973214285714286,14.7,15.828587678462336,27.708333333333332,28.316666666666666
Puducherry,2017,17.0,11.608333333333334,32.333333333333336,16.97272727272727,1,,81.39999999999999,9.987134502923976,4.7,21.232553388327524,,
Puducherry,2018,33.97272727272727,30.027272727272727,12.9,-2.2143939393939327,0,16.97272727272727,79.18666666666667,9.984795321637428,6.2,24.39139904218508,17.0,
Puducherry,2019,31.758333333333336,26.583333333333332,16.9,-4.241666666666671,0,-2.2143939393939327,78.0,10.296783625730994,8.4,3.9707288676836594,33.97272727272727,17.0
Puducherry,2020,27.516666666666666,23.458333333333332,16.383333333333333,7.300000000000004,1,-4.241666666666671,49.38,10.336257309941521,9.7,-18.494783558423112,31.758333333333336,33.97272727272727
Puducherry,2021,34.81666666666667,32.59166666666667,6.983333333333333,-1.6666666666666714,0,7.300000000000004,75.55666666666666,10.447953216374268,10.5,6.0322799352542145,27.516666666666666,31.758333333333336
Puducherry,2022,33.15,29.941666666666666,10.991666666666667,0.05833333333333712,0,-1.6666666666666714,74.77,10.973214285714286,14.7,15.828587678462336,34.81666666666667,27.516666666666666
Punjab,2017,14.891666666666666,12.25,18.475,4.844696969696969,0,,76.14666666666666,9.987134502923976,4.7,21.232553388327524,,
Punjab,2018,19.736363636363635,16.918181818181818,16.272727272727273,3.313636363636366,0,4.844696969696969,75.76333333333334,9.984795321637428,6.2,24.39139904218508,14.891666666666666,
Punjab,2019,23.05,20.391666666666666,11.674999999999999,-2.075000000000003,0,3.313636363636366,73.92666666666666,10.296783625730994,8.4,3.9707288676836594,19.736363636363635,14.891666666666666
Punjab,2020,20.974999999999998,18.2,14.191666666666668,1.4666666666666686,0,-2.075000000000003,5.239999999999995,10.336257309941521,9.7,-18.494783558423112,23.05,19.736363636363635
Punjab,2021,22.441666666666666,19.433333333333334,13.858333333333334,3.6000000000000014,0,1.4666666666666686,71.49333333333333,10.447953216374268,10.5,6.0322799352542145,20.974999999999998,23.05
Punjab,2022,26.041666666666668,22.791666666666668,12.674999999999999,2.258333333333333,0,3.6000000000000014,73.05333333333333,10.973214285714286,14.7,15.828587678462336,22.441666666666666,20.974999999999998
Rajasthan,2017,20.900000000000002,19.825,7.233333333333333,6.090909090909086,1,,39.736666666666665,9.987134502923976,4.7,21.232553388327524,,
Rajasthan,2018,26.99090909090909,25.063636363636363,10.754545454545454,2.6340909090909115,0,6.090909090909086,40.063333333333325,9.984795321637428,6.2,24.39139904218508,20.900000000000002,
Rajasthan,2019,29.625,28.208333333333332,6.391666666666667,0.7249999999999979,0,2.6340909090909115,43.98666666666666,10.296783625730994,8.4,3.9707288676836594,26.99090909090909,20.900000000000002
Rajasthan,2020,30.349999999999998,28.675,8.950000000000001,0.9666666666666686,0,0.7249999999999979,0.0,10.336257309941521,9.7,-18.494783558423112,29.625,26.99090909090909
Rajasthan,2021,31.316666666666666,29.566666666666666,8.691666666666666,6.133333333333329,1,0.9666666666666686,36.64666666666667,10.447953216374268,10.5,6.0322799352542145,30.349999999999998,29.625
Rajasthan,2022,37.449999999999996,35.275,8.141666666666667,3.75833333333334,0,6.133333333333329,37.51333333333333,10.973214285714286,14.7,15.828587678462336,31.316666666666666,30.349999999999998
Sikkim,2017,37.61666666666667,34.516666666666666,8.975,6.556060606060605,1,,63.376666666666665,9.987134502923976,4.7,21.232553388327524,,
Sikkim,2018,44.17272727272727,41.99090909090909,6.290909090909091,7.668939393939397,1,6.556060606060605,55.71,9.984795321637428,6.2,24.39139904218508,37.61666666666667,
Sikkim,2019,51.84166666666667,50.416666666666664,3.0,-3.5,0,7.668939393939397,64.23666666666666,10.296783625730994,8.4,3.9707288676836594,44.17272727272727,37.61666666666667
Sikkim,2020,48.34166666666667,47.40833333333333,2.983333333333334,-1.6083333333333414,0,-3.5,0.0,10.336257309941521,9.7,-18.494783558423112,51.84166666666667,44.17272727272727
Sikkim,2021,46.73333333333333,44.625,5.508333333333333,7.708333333333336,1,-1.6083333333333414,60.40333333333333,10.447953216374268,10.5,6.0322799352542145,48.34166666666667,51.84166666666667
Sikkim,2022,54.44166666666666,51.35,5.983333333333333,-1.2166666666666615,0,7.708333333333336,50.46333333333333,10.973214285714286,14.7,15.828587678462336,46.73333333333333,48.34166666666667
Tamil Nadu,2017,30.741666666666664,27.224999999999998,12.266666666666666,5.012878787878794,1,,66.71666666666665,9.987134502923976,4.7,21.232553388327524,,
Tamil Nadu,2018,35.75454545454546,31.91818181818182,13.4,-0.1128787878787918,0,5.012878787878794,68.3,9.984795321637428,6.2,24.39139904218508,30.741666666666664,
Tamil Nadu,2019,35.641666666666666,32.791666666666664,9.15,1.6000000000000014,0,-0.1128787878787918,64.41666666666667,10.296783625730994,8.4,3.9707288676836594,35.75454545454546,30.741666666666664
Tamil Nadu,2020,37.24166666666667,33.90833333333333,10.641666666666667,-2.1666666666666714,0,1.6000000000000014,0.0,10.336257309941521,9.7,-18.494783558423112,35.641666666666666,35.75454545454546
Tamil Nadu,2021,35.074999999999996,32.525,8.741666666666667,-0.6583333333333314,0,-2.1666666666666714,63.60333333333333,10.447953216374268,10.5,6.0322799352542145,37.24166666666667,35.641666666666666
Tamil Nadu,2022,34.416666666666664,31.599999999999998,9.891666666666667,2.433333333333337,0,-0.6583333333333314,64.63666666666667,10.973214285714286,14.7,15.828587678462336,35.074999999999996,37.24166666666667
Telangana,2017,28.75,25.55,12.508333333333333,7.531818181818181,1,,54.74666666666667,9.987134502923976,4.7,21.232553388327524,,
Telangana,2018,36.28181818181818,31.781818181818185,16.21818181818182,1.8431818181818187,0,7.531818181818181,57.129999999999995,9.984795321637428,6.2,24.39139904218508,28.75,
Telangana,2019,38.125,34.53333333333333,11.041666666666666,-0.42500000000000426,0,1.8431818181818187,54.526666666666664,10.296783625730994,8.4,3.9707288676836594,36.28181818181818,28.75
Telangana,2020,37.699999999999996,34.949999999999996,9.575000000000001,-0.06666666666666288,0,-0.42500000000000426,0.0,10.336257309941521,9.7,-18.494783558423112,38.125,36.28181818181818
Telangana,2021,37.63333333333333,34.608333333333334,9.825000000000001,-0.3083333333333371,0,-0.06666666666666288,51.61666666666667,10.447953216374268,10.5,6.0322799352542145,37.699999999999996,38.125
Telangana,2022,37.324999999999996,34.833333333333336,8.625,3.19166666666667,0,-0.3083333333333371,53.053333333333335,10.973214285714286,14.7,15.828587678462336,37.63333333333333,37.699999999999996
The Dadra and Nagar Haveli and Daman and Diu,2017,28.416666666666668,27.758333333333336,6.629166666666666,0.07878787878787818,0,,70.81666666666666,9.987134502923976,4.7,21.232553388327524,,
The Dadra and Nagar Haveli and Daman and Diu,2018,28.495454545454546,28.10909090909091,2.022727272727273,10.504545454545454,1,0.07878787878787818,72.07333333333334,9.984795321637428,6.2,24.39139904218508,28.416666666666668,
The Dadra and Nagar Haveli and Daman and Diu,2019,39.0,38.42916666666667,1.6666666666666667,-10.491666666666664,0,10.504545454545454,57.75,10.296783625730994,8.4,3.9707288676836594,28.495454545454546,28.416666666666668
The Dadra and Nagar Haveli and Daman and Diu,2020,28.508333333333336,27.808333333333334,4.991666666666666,11.291666666666668,1,-10.491666666666664,0.0,10.336257309941521,9.7,-18.494783558423112,39.0,28.495454545454546
The Dadra and Nagar Haveli and Daman and Diu,2021,39.800000000000004,36.00833333333333,10.466666666666667,-1.5750000000000028,0,11.291666666666668,55.68666666666667,10.447953216374268,10.5,6.0322799352542145,28.508333333333336,39.0
The Dadra and Nagar Haveli and Daman and Diu,2022,38.225,35.300000000000004,7.258333333333333,5.233333333333334,1,-1.5750000000000028,51.29333333333333,10.973214285714286,14.7,15.828587678462336,39.800000000000004,28.508333333333336
Tripura,2017,12.799999999999999,10.325000000000001,18.416666666666668,6.0545454545454565,1,,77.30666666666666,9.987134502923976,4.7,21.232553388327524,,
Tripura,2018,18.854545454545455,11.854545454545455,40.71818181818182,0.9871212121212096,0,6.0545454545454565,73.80666666666667,9.984795321637428,6.2,24.39139904218508,12.799999999999999,
Tripura,2019,19.841666666666665,18.849999999999998,6.108333333333333,4.708333333333336,0,0.9871212121212096,61.31333333333333,10.296783625730994,8.4,3.9707288676836594,18.854545454545455,12.799999999999999
Tripura,2020,24.55,23.28333333333333,6.625,-2.9750000000000014,0,4.708333333333336,0.0,10.336257309941521,9.7,-18.494783558423112,19.841666666666665,18.854545454545455
Tripura,2021,21.575,19.841666666666665,9.875,7.533333333333335,1,-2.9750000000000014,70.90333333333332,10.447953216374268,10.5,6.0322799352542145,24.55,19.841666666666665
Tripura,2022,29.108333333333334,28.316666666666666,3.525,9.166666666666664,1,7.533333333333335,61.85333333333333,10.973214285714286,14.7,15.828587678462336,21.575,24.55
Uttar Pradesh,2017,10.924999999999999,10.174999999999999,7.7,0.7113636363636378,0,,50.36000000000001,9.987134502923976,4.7,21.232553388327524,,
Uttar Pradesh,2018,11.636363636363637,11.10909090909091,6.145454545454545,2.380303030303029,0,0.7113636363636378,44.73666666666667,9.984795321637428,6.2,24.39139904218508,10.924999999999999,
Uttar Pradesh,2019,14.016666666666666,13.15,7.1499999999999995,3.116666666666667,0,2.380303030303029,44.63666666666668,10.296783625730994,8.4,3.9707288676836594,11.636363636363637,10.924999999999999
Uttar Pradesh,2020,17.133333333333333,15.966666666666667,8.808333333333334,2.541666666666668,0,3.116666666666667,0.0,10.336257309941521,9.7,-18.494783558423112,14.016666666666666,11.636363636363637
Uttar Pradesh,2021,19.675,18.866666666666667,5.516666666666667,2.916666666666668,0,2.541666666666668,40.46333333333334,10.447953216374268,10.5,6.0322799352542145,17.133333333333333,14.016666666666666
Uttar Pradesh,2022,22.59166666666667,21.59166666666667,6.433333333333334,3.5083333333333293,0,2.916666666666668,38.38333333333333,10.973214285714286,14.7,15.828587678462336,19.675,17.133333333333333
Uttarakhand,2017,15.291666666666666,12.516666666666666,20.15,4.053787878787881,0,,47.07333333333333,9.987134502923976,4.7,21.232553388327524,,
Uttarakhand,2018,19.345454545454547,14.29090909090909,29.563636363636363,7.07121212121212,1,4.053787878787881,50.42000000000001,9.984795321637428,6.2,24.39139904218508,15.291666666666666,
Uttarakhand,2019,26.416666666666668,23.833333333333332,11.658333333333333,-1.1750000000000043,0,7.07121212121212,47.46,10.296783625730994,8.4,3.9707288676836594,19.345454545454547,15.291666666666666
Uttarakhand,2020,25.241666666666664,23.0,11.508333333333333,1.6666666666666679,0,-1.1750000000000043,0.0,10.336257309941521,9.7,-18.494783558423112,26.416666666666668,19.345454545454547
Uttarakhand,2021,26.90833333333333,24.366666666666664,11.225,3.625,0,1.6666666666666679,43.81,10.447953216374268,10.5,6.0322799352542145,25.241666666666664,26.416666666666668
Uttarakhand,2022,30.53333333333333,28.266666666666666,9.141666666666667,6.858333333333334,1,3.625,42.223333333333336,10.973214285714286,14.7,15.828587678462336,26.90833333333333,25.241666666666664
West Bengal,2017,19.491666666666667,18.416666666666668,5.425,3.262878787878787,0,,69.49333333333334,9.987134502923976,4.7,21.232553388327524,,
West Bengal,2018,22.754545454545454,21.88181818181818,4.245454545454546,-0.12954545454545396,0,3.262878787878787,74.25,9.984795321637428,6.2,24.39139904218508,19.491666666666667,
West Bengal,2019,22.625,21.383333333333336,5.508333333333333,3.416666666666668,0,-0.12954545454545396,67.24333333333334,10.296783625730994,8.4,3.9707288676836594,22.754545454545454,19.491666666666667
West Bengal,2020,26.041666666666668,25.041666666666668,4.058333333333334,-0.8916666666666657,0,3.416666666666668,0.0,10.336257309941521,9.7,-18.494783558423112,22.625,22.754545454545454
West Bengal,2021,25.150000000000002,24.316666666666666,3.525,4.724999999999998,0,-0.8916666666666657,64.62666666666668,10.447953216374268,10.5,6.0322799352542145,26.041666666666668,22.625
West Bengal,2022,29.875,28.816666666666666,3.891666666666667,6.083333333333336,1,4.724999999999998,65.51,10.973214285714286,14.7,15.828587678462336,25.150000000000002,26.041666666666668
